k,bal_acc,std
61,0.9427216312056739,0.08661023254091114
