k,bal_acc,std
61,0.9422340425531915,0.08667947027337496
