{
    "k_opt": 61,
    "balanced_accuracy": 0.9422340425531915,
    "robustness_index": 0.8029316621093975,
    "ID_performance": 0.9092892005651058,
    "OOD_performance": 0.9345239743554241,
    "generalization_index": 1.0277521978427056,
    "bio_vs_confounding": 1.2788796367617312,
    "confounder_insensitivity": 0.3954852377666882,
    "normalized_confounder_insensitivity": 1.0,
    "prediction_performance": 0.9164408208347867,
    "confounder_log_reg_AUC": 0.9613857860520094
}