{
    "k_opt": 61,
    "balanced_accuracy": 0.9427216312056739,
    "robustness_index": 0.7956991681900742,
    "ID_performance": 0.9098436755626464,
    "OOD_performance": 0.9363548389847126,
    "generalization_index": 1.029138152117914,
    "bio_vs_confounding": 1.260979359770817,
    "confounder_insensitivity": 0.37500279764550154,
    "normalized_confounder_insensitivity": 1.0,
    "prediction_performance": 0.9170740320892918,
    "confounder_log_reg_AUC": 0.9743698286052009
}