{
    "k_opt": 46,
    "balanced_accuracy": 0.9761111111111113,
    "robustness_index": 0.9226123800711051,
    "ID_performance": 0.9507954325527386,
    "OOD_performance": 0.9736716993254095,
    "generalization_index": 1.0240601353240115,
    "bio_vs_confounding": 1.5374104896458294,
    "confounder_insensitivity": 0.6024772595316431,
    "normalized_confounder_insensitivity": 0.489097566792886,
    "prediction_performance": 0.9593961352657006,
    "confounder_log_reg_AUC": 0.9960840008394801
}