{
    "k_opt": 46,
    "balanced_accuracy": 0.9761111111111113,
    "robustness_index": 0.9226128511855843,
    "ID_performance": 0.9507952420949956,
    "OOD_performance": 0.9736718684749857,
    "generalization_index": 1.0240605183610128,
    "bio_vs_confounding": 1.5374164405513473,
    "confounder_insensitivity": 0.6024834622932544,
    "normalized_confounder_insensitivity": 0.4891014047171346,
    "prediction_performance": 0.9593961352657006,
    "confounder_log_reg_AUC": 0.9960840545983575
}