k,bal_acc,std
61,0.9202216312056738,0.09145722167953262
