{
    "k_opt": 61,
    "bal_acc_at_k_opt": 0.9202216312056738,
    "robustness_index-k_opt": 0.6482623261335136,
    "ID_performance-k_opt": 0.8881476651281192,
    "OOD_performance-k_opt": 0.8911303743369062,
    "generalization_index-k_opt": 1.0033583483083939,
    "SO_SS_ratio-k_opt": 0.2321088885249008
}