{
    "k_opt": 61,
    "balanced_accuracy": 0.9202216312056738,
    "robustness_index": 0.6187718104590816,
    "ID_performance": 0.8702079699121454,
    "OOD_performance": 0.883494464086763,
    "generalization_index": 1.015268182588536,
    "bio_vs_confounding": 1.0808735283466726,
    "confounder_insensitivity": 0.2384458160157063,
    "normalized_confounder_insensitivity": 1.0,
    "prediction_performance": 0.8727661027787467,
    "confounder_log_reg_AUC": 0.9803583037825059
}