{
    "clustering_score_mean": 0.0018400425364248486,
    "clustering_score_mean_std": 0.007158388101031515,
    "Ks": {
        "min": 26,
        "median": 30.0,
        "max": 30
    },
    "num_combinations": 36,
    "num_trials": 50
}