{
    "clustering_score_mean": 0.004144209581988567,
    "clustering_score_mean_std": 0.00967128534405726,
    "Ks": {
        "min": 12,
        "median": 12.0,
        "max": 12
    },
    "num_combinations": 1,
    "num_trials": 50
}