{
    "clustering_score_mean": 0.004144209581988567,
    "clustering_score_std": 0.009671285344057258,
    "K": 12,
    "num_combinations": 1,
    "num_trials": 50
}