{
    "aggregation_datasets": [
        "camelyon",
        "tcga",
        "tolkach_esca"
    ],
    "apd_id": -0.025484631041522307,
    "ci_id": 0.005988691894917354,
    "apd_ood": -0.013000844306600206,
    "ci_ood": 0.005580059278859815
}