{
    "apd_id": -0.0462926520863586,
    "apd_ood": -0.013145890908344605,
    "ID_test_accuracy_means": [
        0.9850625,
        0.9806041666666665,
        0.9840833333333331,
        0.9808333333333332,
        0.9737916666666667,
        0.9494583333333335,
        0.9055416666666666,
        0.8013750000000002
    ],
    "OOD_test_accuracy_means": [
        0.9901985309161315,
        0.9931065834318875,
        0.9937051951875528,
        0.992662215502228,
        0.9942128874184742,
        0.9931054606605887,
        0.9703701402715609,
        0.9025116393957994
    ]
}