{
    "apd_id": -0.025986242750030263,
    "apd_ood": -0.02621179139384581,
    "ID_test_accuracy_means": [
        0.8317361111111111,
        0.8236805555555554,
        0.8350000000000002,
        0.8194444444444444,
        0.7952777777777778,
        0.8142708333333333,
        0.7710069444444445
    ],
    "OOD_test_accuracy_means": [
        0.8411458333333334,
        0.8347291666666667,
        0.8439375000000002,
        0.8346666666666666,
        0.8084375000000001,
        0.8174166666666667,
        0.7698333333333333
    ]
}