{
    "apd_id": -0.004174998288178045,
    "apd_ood": 0.0003551493823897911,
    "ID_test_accuracy_means": [
        0.9755833333333334,
        0.9746250000000002,
        0.9742500000000002,
        0.9651875000000001
    ],
    "OOD_test_accuracy_means": [
        0.9725666666666666,
        0.9738916666666666,
        0.9732916666666668,
        0.9714916666666665
    ]
}