{
    "apd_id": -0.116474090140871,
    "apd_ood": -0.09103894459962032,
    "ID_test_accuracy_means": [
        0.9700000000000001,
        0.9682291666666666,
        0.9513333333333336,
        0.9556458333333333,
        0.9306666666666665,
        0.8957708333333333,
        0.7557083333333333,
        0.5372291666666666
    ],
    "OOD_test_accuracy_means": [
        0.9749278681816594,
        0.9666276441264092,
        0.9635549184868035,
        0.9418359057271317,
        0.9353936436174195,
        0.9164679111962755,
        0.8048157657050755,
        0.6750816878496184
    ]
}