{
    "apd_id": -0.056990189010720595,
    "apd_ood": -0.045573007653786066,
    "ID_test_accuracy_means": [
        0.774513888888889,
        0.7729861111111112,
        0.7757986111111113,
        0.7599305555555557,
        0.7068055555555556,
        0.7248958333333333,
        0.6379861111111111
    ],
    "OOD_test_accuracy_means": [
        0.7231875,
        0.7118541666666667,
        0.7379583333333334,
        0.7176041666666666,
        0.6712916666666666,
        0.6824374999999999,
        0.6112916666666666
    ]
}