{
    "apd_id": -0.04965949294149699,
    "apd_ood": -0.01348657769576141,
    "ID_test_accuracy_means": [
        0.9722916666666668,
        0.9682708333333332,
        0.9574166666666667,
        0.8462708333333333
    ],
    "OOD_test_accuracy_means": [
        0.9603250000000001,
        0.9603583333333333,
        0.9606333333333333,
        0.9209666666666667
    ]
}