{
    "k_opt": 11,
    "bal_acc_at_k_opt": 0.9854901960784315,
    "robustness_index-k_opt": 0.5444651741293532,
    "ID_performance-k_opt": 0.9799425887979701,
    "OOD_performance-k_opt": 0.99507482477742,
    "generalization_index-k_opt": 1.0154419617561592,
    "SO_SS_ratio-k_opt": 0.02446373517878599
}